Workbook

Sheet DB DQS100
A1: Num. Articolo | B1: Num. parte | C1: Descrizione | D1: Forma grezzo | E1: Dimensione 1 Grezzo | F1: Dimensione 2 Grezzo | G1: Dimensione 3 Grezzo | H1: Quantità | I1: Peso [g] | J1: Materiale | K1: Costo[€] | L1: Colonna1 | M1: Quantità per 100 pompe
A2: 1 | B2: P001-025-001B | C2: CORPO FLUIDO | D2: Lastra | E2: 230 | F2: 220 | G2: 130 | H2: 1 | I2: 10061.51 | J2: PTFE generico | K2: =(( I2/1000 )*'P001-025-001B'!$F$1 + SUM('P001-025-001B'!$G$4:'P001-025-001B'!$G$30))*H2 -> 10091.51 | L2: m | M2: =150*Tabella1[[#This Row],[Quantità]] -> 150
A3: 2 | B3: P001-025-002 | C3: GABBIA SUP.DQS 100/125 | D3: Cilindro | E3: DQS100-125 Ø55 | F3: DQS100 = 87 || DQS125 = 103 | H3: 2 | I3: 16.46 | J3: PTFE modificato* | K3: =(( I3/1000 )*'P001-025-002'!$F$1 + SUM('P001-025-002'!$G$4:'P001-025-002'!$G$30))*H3 -> 0 | L3: m | M3: =150*Tabella1[[#This Row],[Quantità]] -> 300
A4: 3 | B4: P001-024-019B | C4: GABBIA INF. DQS 100/125 | D4: Cilindro | E4: DQS100-125 Ø55 | F4: DQS100/DQS125 = 106 | H4: 2 | I4: 22.28 | J4: PTFE modificato* | K4: =(( I4/1000 )*'P001-024-019B'!$F$1 + SUM('P001-024-019B'!$G$4:'P001-024-019B'!$G$30))*H4 -> 200 | L4: m | M4: =150*Tabella1[[#This Row],[Quantità]] -> 300
A5: 4 | B5: P001-025-003 | C5: TAPPO SUP.CORPO FLUIDO | H5: 2 | I5: 100 | J5: PTFE generico | K5: =(( I5/1000 )*'P001-025-003'!$F$1 + SUM('P001-025-003'!$G$4:'P001-025-003'!$G$30))*H5 -> 0 | L5: m | M5: =150*Tabella1[[#This Row],[Quantità]] -> 300
A6: 5 | B6: P001-024-008B | C6: SEDE SFERA DQS 100/125 | H6: 2 | I6: 3.13 | J6: PTFE modificato* | K6: =(( I6/1000 )*'P001-024-008B'!$F$1 + SUM('P001-024-008B'!$G$4:'P001-024-008B'!$G$30))*H6 -> 0 | L6: m | M6: =150*Tabella1[[#This Row],[Quantità]] -> 300
A7: 6 | B7: SF030 | C7: SFERA ø 30 | H7: 4 | I7: 31 | J7: PTFE generico | K7: =COMM_SF030!$D$4*H7 -> 0 | L7: b | M7: =150*Tabella1[[#This Row],[Quantità]] -> 600
A8: 7 | B8: A001-024-006 | C8: VNR SEGNALE DQS 100/125 | H8: 2 | I8: 1 | L8: b | M8: =150*Tabella1[[#This Row],[Quantità]] -> 300
A9: 7.1 | B9: P001-024-031 | C9: CORPO VNR SEGNALE DQS100/125 | H9: 1 | I9: 0.99 | J9: POM-C | K9: =(( I9/1000 )*'P001-024-031'!$F$1 + SUM('P001-024-031'!$G$4:'P001-024-031'!$G$30))*H9 -> 0 | L9: b | M9: =150*Tabella1[[#This Row],[Quantità]] -> 150
A10: 7.2 | B10: Spina 1 x 6 | C10: SPINA 1 X 4 | H10: 1 | I10: 1 | L10: b | M10: =150*Tabella1[[#This Row],[Quantità]] -> 150
A11: 7.3 | B11: SF1-8 | C11: SFERA 1/8" | H11: 1 | I11: 1 | J11: AISI304 | L11: b | M11: =150*Tabella1[[#This Row],[Quantità]] -> 150
A12: 7.4 | B12: OR2021 | H12: 3 | I12: 1 | L12: b | M12: =150*Tabella1[[#This Row],[Quantità]] -> 450
A13: 8 | B13: A001-024-011 | C13: ELEMENTO DI PASSAGIO ALIM. MEMBRANE | H13: 2 | L13: b | M13: =150*Tabella1[[#This Row],[Quantità]] -> 300
A14: 8.1 | B14: P001-024-052 | C14: CORPO ELEMENTO DI PASSAGIO ALIM. MEMBRANE | H14: 1 | I14: 2.49 | J14: POM-C | K14: =(( I14/1000 )*'P001-024-052'!$F$1 + SUM('P001-024-052'!$G$4:'P001-024-052'!$G$30))*H14 -> 0 | L14: b | M14: =150*Tabella1[[#This Row],[Quantità]] -> 150
A15: 8.2 | B15: OR2043 | H15: 3 | I15: 1 | K15: =COMM_OR2043!$D$4*H15 -> 0 | L15: b | M15: =150*Tabella1[[#This Row],[Quantità]] -> 450
A16: 9 | B16: A001-024-002 | C16: DISTRIBUTORE DQS 100/125 | H16: 1 | I16: 56.67 | L16: m | M16: =150*Tabella1[[#This Row],[Quantità]] -> 150
A17: 9.1 | B17: OR 3100 | H17: 2 | I17: 1 | L17: b | M17: =150*Tabella1[[#This Row],[Quantità]] -> 300
A18: 9.2 | B18: P001-024-028 | C18: TENUTA DISTRIBUTORE DQS100- 125 | H18: 2 | I18: 0.24 | J18: PE UHMW | K18: =(( I18/1000 )*'P001-024-028'!$F$1 + SUM('P001-024-028'!$G$4:'P001-024-028'!$G$30))*H18 -> 0 | L18: b | M18: =150*Tabella1[[#This Row],[Quantità]] -> 300
A19: 9.3 | B19: P001-024-012A | C19: ROCCHETTO DISTRIBUTORE DQS100-125 | H19: 1 | I19: 16.4 | J19: POM-C | K19: =(( I19/1000 )*'P001-024-012A'!$F$1 + SUM('P001-024-012A'!$G$4:'P001-024-012A'!$G$30))*H19 -> 0 | L19: b | M19: =150*Tabella1[[#This Row],[Quantità]] -> 150
A20: 9.4 | B20: P001-024-010A | C20: SPOLA DISTRIBUTORE DQS100- 125 | H20: 1 | I20: 25.12 | J20: POM-C | K20: =(( I20/1000 )*'P001-024-010A'!$F$1 + SUM('P001-024-010A'!$G$4:'P001-024-010A'!$G$30))*H20 -> 0 | L20: b | M20: =150*Tabella1[[#This Row],[Quantità]] -> 150
A21: 9.5 | B21: 941625X19X3J5PO00 | C21: TENUTA A LABBRO DISTRIBUTORE DQS 100-125 | H21: 2 | I21: 0.1 | J21: PU | K21: =COMM_941625X19X3J5PO00!$D$4*H21 -> 0 | L21: b | M21: =150*Tabella1[[#This Row],[Quantità]] -> 300
A22: 9.6 | B22: P001-024-011 | C22: TAPPO DI TESTA DISTRIBUTORE DQS100-125 | H22: 2 | I22: 5.59 | J22: POM-C | K22: =(( I22/1000 )*'P001-024-011'!$F$1 + SUM('P001-024-011'!$G$4:'P001-024-011'!$G$30))*H22 -> 0 | L22: b | M22: =150*Tabella1[[#This Row],[Quantità]] -> 300
A23: 9.7 | B23: OR 2106 | H23: 6 | I23: 1 | L23: b | M23: =150*Tabella1[[#This Row],[Quantità]] -> 900
A24: 10 | B24: P001-024-016 | C24: ANELLO DI ARRESTO DISTRIBUTORE DQS 100/125 | H24: 2 | I24: 1.04 | J24: POM-C | K24: =(( I24/1000 )*'P001-024-016'!$F$1 + SUM('P001-024-016'!$G$4:'P001-024-016'!$G$30))*H24 -> 0 | L24: b | M24: =150*Tabella1[[#This Row],[Quantità]] -> 300
A25: 11 | B25: A001-024-007A | C25: TESTATA LATO SINISTRO | H25: 1 | I25: 2918.18 | L25: m | M25: =150*Tabella1[[#This Row],[Quantità]] -> 150
A26: 11.1 | B26: P001-024-021B | C26: CORPO SX LATO ARIA | H26: 1 | I26: 2316.62 | J26: POM-C | K26: =(( I26/1000 )*'P001-024-021B'!$F$1 + SUM('P001-024-021B'!$G$4:'P001-024-021B'!$G$30))*H26 -> 0 | L26: m | M26: =150*Tabella1[[#This Row],[Quantità]] -> 150
A27: 11.2 | B27: A001-024-005E | C27: CARTUCCIONE DQS100/125 | H27: 1 | I27: 106.83 | L27: m | M27: =150*Tabella1[[#This Row],[Quantità]] -> 150
A28: 11.2.1 | B28: P001-024-022D | C28: CORPO CARTUCCIONE DQS100/125 | H28: 1 | I28: 77.72 | J28: POM-C | K28: =(( I28/1000 )*'P001-024-022D'!$F$1 + SUM('P001-024-022D'!$G$4:'P001-024-022D'!$G$30))*H28 -> 0 | L28: m | M28: =150*Tabella1[[#This Row],[Quantità]] -> 150
A29: 11.2.2 | B29: P001-024-023D | C29: CORPO CARTUCCINO DQS100/125 | H29: 1 | I29: 15.09 | J29: POM generico | K29: =(( I29/1000 )*'P001-024-023D'!$F$1 + SUM('P001-024-023D'!$G$4:'P001-024-023D'!$G$30))*H29 -> 0 | L29: m | M29: =150*Tabella1[[#This Row],[Quantità]] -> 150
A30: 11.2.3 | B30: P001-024-024D | C30: PISPOLO CARTUCCINO DQS100/125 | H30: 1 | I30: 3.47 | J30: POM generico | K30: =(( I30/1000 )*'P001-024-024D'!$F$1 + SUM('P001-024-024D'!$G$4:'P001-024-024D'!$G$30))*H30 -> 0 | L30: m | M30: =150*Tabella1[[#This Row],[Quantità]] -> 150
A31: 11.2.4 | B31: C0975-074-0875S D20 | C31: MOLLA DI TENUTA | H31: 1 | I31: 0.89 | J31: AISI 302 | L31: b | M31: =150*Tabella1[[#This Row],[Quantità]] -> 150
A32: 11.2.5 | B32: SF1-8 | C32: SFERA 1/8" AISI304 | H32: 1 | I32: 0.13 | J32: AISI304 | L32: b | M32: =150*Tabella1[[#This Row],[Quantità]] -> 150
A33: 11.2.6 | B33: VNR5 | C33: VNR5 | H33: 1 | I33: 0.539 | K33: =COMM_VNR5!$D$4*H33 -> 0 | L33: b | M33: =150*Tabella1[[#This Row],[Quantità]] -> 150
A34: 11.2.6.1 | B34: CORPO VNR | C34: CORPO VNR | H34: 1 | I34: 0.521 | J34: Ottone | K34: =(( I34/1000 )*'CORPO VNR'!$F$1 + SUM('CORPO VNR'!$G$4:'CORPO VNR'!$G$30))*H34 -> 0 | L34: b | M34: =150*Tabella1[[#This Row],[Quantità]] -> 150
A35: 11.2.6.2 | B35: SF001J5 | C35: SFERA DIAM 1,5 | H35: 1 | I35: 0.014 | J35: AISI 316L | K35: =COMM_SF001J5!$D$4*H35 -> 0 | L35: b | M35: =150*Tabella1[[#This Row],[Quantità]] -> 150
A36: 11.2.6.3 | B36: ISO 2338 - 1 m6 x 4 - St | C36: SPINA M6x4 | H36: 1 | I36: 0.003 | L36: b | M36: =150*Tabella1[[#This Row],[Quantità]] -> 150
A37: 11.2.7 | B37: OR2081 | H37: 1 | I37: 1 | K37: =COMM_OR2081!$D$4*H37 -> 0 | L37: b | M37: =150*Tabella1[[#This Row],[Quantità]] -> 150
A38: 11.2.8 | B38: OR2087 | H38: 2 | I38: 1 | K38: =COMM_OR2087!$D$4*H38 -> 0 | L38: b | M38: =150*Tabella1[[#This Row],[Quantità]] -> 300
A39: 11.2.9 | B39: P001-024-032 | C39: CORPO D'ARRESTO FINE CORSA PISPOLO | H39: 1 | I39: 0.26 | J39: POM generico | K39: =(( I39/1000 )*'P001-024-032'!$F$1 + SUM('P001-024-032'!$G$4:'P001-024-032'!$G$30))*H39 -> 0 | L39: m | M39: =150*Tabella1[[#This Row],[Quantità]] -> 150
A40: 11.2.10 | B40: OR108 | H40: 1 | I40: 1 | K40: =COMM_OR108!$D$4*H40 -> 0 | M40: =150*Tabella1[[#This Row],[Quantità]] -> 150
A41: 11.2.11 | B41: P001-024-037 | C41: TAPPO CARTUCCIONE DQS100/125 | H41: 1 | I41: 7.41 | J41: POM-C nero | K41: =(( I41/1000 )*'P001-024-037'!$F$1 + SUM('P001-024-037'!$G$4:'P001-024-037'!$G$30))*H41 -> 0 | L41: m | M41: =150*Tabella1[[#This Row],[Quantità]] -> 150
A42: 11.2.12 | B42: OR2021 | H42: 1 | I42: 1 | K42: =COMM_OR2021!$D$4*H42 -> 0 | M42: =150*Tabella1[[#This Row],[Quantità]] -> 150
A43: 11.2.13 | B43: OR2187 | H43: 1 | I43: 1 | K43: =COMM_OR2187!$D$4*H43 -> 0 | M43: =150*Tabella1[[#This Row],[Quantità]] -> 150
A44: 11.2.14 | B44: P001-024-035 | C44: PATTINO BATTUTA PISPOLO DQS100/125 | H44: 1 | I44: 0.03 | J44: PE A DENSITA' ALTA | K44: =(( I44/1000 )*'P001-024-035'!$F$1 + SUM('P001-024-035'!$G$4:'P001-024-035'!$G$30))*H44 -> 0 | L44: m | M44: =150*Tabella1[[#This Row],[Quantità]] -> 150
A45: 11.2.15 | B45: OR2031 | H45: 1 | I45: 1 | K45: =COMM_OR2031!$D$4*H45 -> 0 | M45: =150*Tabella1[[#This Row],[Quantità]] -> 150
A46: 11.2.16 | B46: P001-024-036 | C46: PATTINO TESTA PISPOLO DQS100/125 | H46: 1 | I46: 0.04 | J46: PE A DENSITA' ALTA | K46: =(( I46/1000 )*'P001-024-036'!$F$1 + SUM('P001-024-036'!$G$4:'P001-024-036'!$G$30))*H46 -> 0 | L46: m | M46: =150*Tabella1[[#This Row],[Quantità]] -> 150
A47: 11.2.17 | B47: SF3-32 | C47: SFERA TAPPO CARTUCCINO | H47: 2 | I47: 0.06 | J47: AISI 304 | L47: b | M47: =150*Tabella1[[#This Row],[Quantità]] -> 300
A48: 11.3 | B48: P001-024-025B | C48: COPERCHIO SILENZIATORE | H48: 1 | I48: 165.46 | J48: POM-C nero | K48: =(( I48/1000 )*'P001-024-025B'!$F$1 + SUM('P001-024-025B'!$G$4:'P001-024-025B'!$G$30))*H48 -> 0 | L48: m | M48: =150*Tabella1[[#This Row],[Quantità]] -> 150
A49: 11.4 | B49: P001-024-026 | C49: GHIERA BLOCCAGGIO TASTATORE - COPERCHIO SILENZIATORE | H49: 1 | I49: 70.96 | J49: POM-C nero | K49: =(( I49/1000 )*'P001-024-026'!$F$1 + SUM('P001-024-026'!$G$4:'P001-024-026'!$G$30))*H49 -> 0 | L49: m | M49: =150*Tabella1[[#This Row],[Quantità]] -> 150
A50: 11.5 | B50: P001-024-042 | C50: TAPPO CHIUSURA CANALI SEGNALE | H50: 2 | I50: 0.57 | J50: POM-C | K50: =(( I50/1000 )*'P001-024-042'!$F$1 + SUM('P001-024-042'!$G$4:'P001-024-042'!$G$30))*H50 -> 0 | L50: m | M50: =150*Tabella1[[#This Row],[Quantità]] -> 300
A51: 11.6 | B51: P001-024-041A | C51: Silenziatore sinterizzato DQS Ripresoi | H51: 3 | I51: 67.66 | J51: PE ESPANSO | K51: =(( I51/1000 )*'P001-024-041A'!$F$1 + SUM('P001-024-041A'!$G$4:'P001-024-041A'!$G$30))*H51 -> 0 | L51: b | M51: =150*Tabella1[[#This Row],[Quantità]] -> 450
A52: 11.7 | B52: P001-024-043 | C52: GUARNIZIONE SPECIALE PER VSR POMPA QT 160 | H52: 1 | I52: 2.2 | J52: PUR | K52: =(( I52/1000 )*'P001-024-043'!$F$1 + SUM('P001-024-043'!$G$4:'P001-024-043'!$G$30))*H52 -> 0 | L52: b | M52: =150*Tabella1[[#This Row],[Quantità]] -> 150
A53: 11.8 | B53: P001-024-044 | C53: RISCONTRO PER VALVOLA DI SCARICO RAPIDO DQT 160 | H53: 1 | I53: 2.39 | J53: PET | K53: =(( I53/1000 )*'P001-024-044'!$F$1 + SUM('P001-024-044'!$G$4:'P001-024-044'!$G$30))*H53 -> 0 | L53: m | M53: =150*Tabella1[[#This Row],[Quantità]] -> 150
A54: 11.9 | B54: P001-024-045 | C54: COLLEGAMENTO DI CARICO POMPA DQT 160 | H54: 1 | I54: 42.41 | J54: PET | K54: =(( I54/1000 )*'P001-024-045'!$F$1 + SUM('P001-024-045'!$G$4:'P001-024-045'!$G$30))*H54 -> 0 | L54: m | M54: =150*Tabella1[[#This Row],[Quantità]] -> 150
A55: 11.10 | B55: OR3118 | H55: 1 | I55: 1 | K55: =COMM_OR3118!$D$4*H55 -> 0 | L55: b | M55: =150*Tabella1[[#This Row],[Quantità]] -> 150
A56: 11.11 | B56: OR4287 | H56: 1 | I56: 1 | K56: =COMM_OR4287!$D$4*H56 -> 0 | L56: b | M56: =150*Tabella1[[#This Row],[Quantità]] -> 150
A57: 11.12 | B57: OR3200 | H57: 1 | I57: 1 | K57: =COMM_OR3200!$D$4*H57 -> 0 | L57: b | M57: =150*Tabella1[[#This Row],[Quantità]] -> 150
A58: 11.13 | B58: OR2200 | H58: 1 | I58: 1 | K58: =COMM_OR2200!$D$4*H58 -> 0 | L58: b | M58: =150*Tabella1[[#This Row],[Quantità]] -> 150
A59: 11.14 | B59: P001-024-054 | C59: TAPPO CONICO G 3/8 | H59: 1 | I59: 2.63 | J59: POM-C nero | K59: =(( I59/1000 )*'P001-024-054'!$F$1 + SUM('P001-024-054'!$G$4:'P001-024-054'!$G$30))*H59 -> 0 | L59: m | M59: =150*Tabella1[[#This Row],[Quantità]] -> 150
A60: 12 | B60: P001-024-002B | C60: BOCCOLA GUIDA ALBERO | D60: Cilindro | E60: Ø51 | F60: 33 mm | H60: 2 | I60: 21.04 | J60: TFM (PTFE MODIFIC ATO) | K60: =(( I60/1000 )*'P001-024-002B'!$F$1 + SUM('P001-024-002B'!$G$4:'P001-024-002B'!$G$30))*H60 -> 0 | L60: m | M60: =150*Tabella1[[#This Row],[Quantità]] -> 300
A61: 13 | B61: P001-024-004 | C61: ALBERO DQS 100/125 | H61: 1 | I61: 59.49 | J61: PFA | K61: =(( I61/1000 )*'P001-024-004'!$F$1 + SUM('P001-024-004'!$G$4:'P001-024-004'!$G$30))*H61 -> 0 | L61: b | M61: =150*Tabella1[[#This Row],[Quantità]] -> 150
A62: 14 | B62: P001-024-005 | C62: CAPPELLOTTO DQS 100/125 | H62: 2 | I62: 65.35 | J62: TFM (PTFE MODIFIC ATO) | K62: =(( I62/1000 )*'P001-024-005'!$F$1 + SUM('P001-024-005'!$G$4:'P001-024-005'!$G$30))*H62 -> 0 | L62: m | M62: =150*Tabella1[[#This Row],[Quantità]] -> 300
A63: 15 | B63: 375923KE00 | C63: MEMBRANA DI BACKUP PER POMPA QT 160 | H63: 2 | I63: 68.96 | J63: KEYFLEX | K63: =(( I63/1000 )*'375923KE00'!$F$1 + SUM('375923KE00'!$G$4:'375923KE00'!$G$30))*H63 -> 0 | L63: b | M63: =150*Tabella1[[#This Row],[Quantità]] -> 300
A64: 16 | B64: P001-024-038 | C64: MEMBRANA LATO FLUIDO PER POMPA QT 160 | H64: 2 | I64: 92.04 | J64: TFM(PTFE MODIFIC ATO) | K64: =(( I64/1000 )*'P001-024-038'!$F$1 + SUM('P001-024-038'!$G$4:'P001-024-038'!$G$30))*H64 -> 0 | L64: b | M64: =150*Tabella1[[#This Row],[Quantità]] -> 300
A65: 17 | B65: A001-024-003C | C65: TESTATA LATO DESTRO | H65: 1 | I65: 2918.18 | L65: m | M65: =150*Tabella1[[#This Row],[Quantità]] -> 150
A66: 17.1 | B66: P001-024-015C | C66: CORPO TESTATA LATO DESTRO DQS 100/125 | H66: 1 | I66: 2316.62 | J66: POM-C nero | K66: =(( I66/1000 )*'P001-024-015C'!$F$1 + SUM('P001-024-015C'!$G$4:'P001-024-015C'!$G$30))*H66 -> 0 | L66: m | M66: =150*Tabella1[[#This Row],[Quantità]] -> 150
A67: 17.2 | B67: A001-024-005E | C67: CARTUCCIONE DQS100/125 | H67: 1 | I67: 106.83 | L67: m | M67: =150*Tabella1[[#This Row],[Quantità]] -> 150
A68: 17.2.1 | B68: P001-024-022D | C68: CORPO CARTUCCIONE DQS100/125 | H68: 1 | I68: 77.72 | J68: POM-C | K68: =(( I68/1000 )*'P001-024-022D'!$F$1 + SUM('P001-024-022D'!$G$4:'P001-024-022D'!$G$30))*H68 -> 0 | L68: m | M68: =150*Tabella1[[#This Row],[Quantità]] -> 150
A69: 17.2.2 | B69: P001-024-023D | C69: CORPO CARTUCCINO DQS100/125 | H69: 1 | I69: 15.09 | J69: POM generico | K69: =(( I69/1000 )*'P001-024-023D'!$F$1 + SUM('P001-024-023D'!$G$4:'P001-024-023D'!$G$30))*H69 -> 0 | L69: m | M69: =150*Tabella1[[#This Row],[Quantità]] -> 150
A70: 17.2.3 | B70: P001-024-024D | C70: PISPOLO CARTUCCINO DQS100/125 | H70: 1 | I70: 3.47 | J70: POM generico | K70: =(( I70/1000 )*'P001-024-024D'!$F$1 + SUM('P001-024-024D'!$G$4:'P001-024-024D'!$G$30))*H70 -> 0 | L70: m | M70: =150*Tabella1[[#This Row],[Quantità]] -> 150
A71: 17.2.4 | B71: C0975-074-0875S D20 | C71: MOLLA DI TENUTA | H71: 1 | I71: 0.89 | L71: b | M71: =150*Tabella1[[#This Row],[Quantità]] -> 150
A72: 17.2.5 | B72: SF1-8 | C72: SFERA 1/8" AISI304 | H72: 1 | I72: 0.13 | J72: AISI304 | L72: b | M72: =150*Tabella1[[#This Row],[Quantità]] -> 150
A73: 17.2.6 | B73: VNR5 | C73: VNR5 | H73: 1 | I73: 0.539 | K73: =COMM_VNR5!$D$4*H73 -> 0 | M73: =150*Tabella1[[#This Row],[Quantità]] -> 150
A74: 17.2.6.1 | B74: CORPO VNR | C74: CORPO VNR | H74: 1 | I74: 0.521 | J74: Ottone | K74: =(( I74/1000 )*'CORPO VNR'!$F$1 + SUM('CORPO VNR'!$G$4:'CORPO VNR'!$G$30))*H74 -> 0 | L74: b | M74: =150*Tabella1[[#This Row],[Quantità]] -> 150
A75: 17.2.6.2 | B75: SF001J5 | C75: SFERA DIAM 1,5 | H75: 1 | I75: 0.014 | J75: AISI 316L | K75: =COMM_SF001J5!$D$4*H75 -> 0 | L75: b | M75: =150*Tabella1[[#This Row],[Quantità]] -> 150
A76: 17.2.6.3 | B76: ISO 2338 - 1 m6 x 4 - St | C76: SPINA M6x4 | H76: 1 | I76: 0.003 | L76: b | M76: =150*Tabella1[[#This Row],[Quantità]] -> 150
A77: 17.2.7 | B77: OR2081 | H77: 1 | I77: 1 | K77: =COMM_OR2081!$D$4*H77 -> 0 | L77: b | M77: =150*Tabella1[[#This Row],[Quantità]] -> 150
A78: 17.2.8 | B78: OR2087 | H78: 2 | I78: 1 | K78: =COMM_OR2087!$D$4*H78 -> 0 | L78: b | M78: =150*Tabella1[[#This Row],[Quantità]] -> 300
A79: 17.2.9 | B79: P001-024-032 | C79: CORPO D'ARRESTO FINE CORSA PISPOLO | H79: 1 | I79: 0.26 | J79: POM generico | K79: =(( I79/1000 )*'P001-024-032'!$F$1 + SUM('P001-024-032'!$G$4:'P001-024-032'!$G$30))*H79 -> 0 | L79: m | M79: =150*Tabella1[[#This Row],[Quantità]] -> 150
A80: 17.2.10 | B80: OR108 | H80: 1 | I80: 1 | K80: =COMM_OR108!$D$4*H80 -> 0 | L80: b | M80: =150*Tabella1[[#This Row],[Quantità]] -> 150
A81: 17.2.11 | B81: P001-024-037 | C81: TAPPO CARTUCCIONE DQS100/125 | H81: 1 | I81: 7.41 | J81: POM-C nero | K81: =(( I81/1000 )*'P001-024-037'!$F$1 + SUM('P001-024-037'!$G$4:'P001-024-037'!$G$30))*H81 -> 0 | L81: m | M81: =150*Tabella1[[#This Row],[Quantità]] -> 150
A82: 17.2.12 | B82: OR2021 | H82: 1 | I82: 1 | K82: =COMM_OR2021!$D$4*H82 -> 0 | L82: b | M82: =150*Tabella1[[#This Row],[Quantità]] -> 150
A83: 17.2.13 | B83: OR2187 | H83: 1 | I83: 1 | K83: =COMM_OR2187!$D$4*H83 -> 0 | L83: b | M83: =150*Tabella1[[#This Row],[Quantità]] -> 150
A84: 17.2.14 | B84: P001-024-035 | C84: PATTINO BATTUTA PISPOLO DQS100/125 | H84: 1 | I84: 0.03 | J84: PE A DENSITA' ALTA | K84: =(( I84/1000 )*'P001-024-035'!$F$1 + SUM('P001-024-035'!$G$4:'P001-024-035'!$G$30))*H84 -> 0 | L84: m | M84: =150*Tabella1[[#This Row],[Quantità]] -> 150
A85: 17.2.15 | B85: OR2031 | H85: 1 | I85: 1 | K85: =COMM_OR2031!$D$4*H85 -> 0 | L85: b | M85: =150*Tabella1[[#This Row],[Quantità]] -> 150
A86: 17.2.16 | B86: P001-024-036 | C86: PATTINO TESTA PISPOLO DQS100/125 | H86: 1 | I86: 0.04 | J86: PE A DENSITA' ALTA | K86: =(( I86/1000 )*'P001-024-036'!$F$1 + SUM('P001-024-036'!$G$4:'P001-024-036'!$G$30))*H86 -> 0 | L86: m | M86: =150*Tabella1[[#This Row],[Quantità]] -> 150
A87: 17.2.17 | B87: SF3-32 | C87: SFERA TAPPO CARTUCCINO | H87: 2 | I87: 0.06 | J87: AISI 304 | L87: b | M87: =150*Tabella1[[#This Row],[Quantità]] -> 300
A88: 17.3 | B88: P001-024-025B | C88: COPERCHIO SILENZIATORE | H88: 1 | I88: 165.46 | J88: POM-C nero | K88: =(( I88/1000 )*'P001-024-025B'!$F$1 + SUM('P001-024-025B'!$G$4:'P001-024-025B'!$G$30))*H88 -> 0 | L88: m | M88: =150*Tabella1[[#This Row],[Quantità]] -> 150
A89: 17.4 | B89: P001-024-026 | C89: GHIERA BLOCCAGGIO TASTATORE - COPERCHIO SILENZIATORE | H89: 1 | I89: 70.96 | J89: POM-C nero | K89: =(( I89/1000 )*'P001-024-026'!$F$1 + SUM('P001-024-026'!$G$4:'P001-024-026'!$G$30))*H89 -> 0 | L89: m | M89: =150*Tabella1[[#This Row],[Quantità]] -> 150
A90: 17.6 | B90: OR3200 | H90: 1 | I90: 1 | K90: =COMM_OR3200!$D$4*H90 -> 0 | L90: b | M90: =150*Tabella1[[#This Row],[Quantità]] -> 150
A91: 17.5 | B91: OR2200 | H91: 1 | I91: 1 | K91: =COMM_OR2200!$D$4*H91 -> 0 | L91: b | M91: =150*Tabella1[[#This Row],[Quantità]] -> 150
A92: 17.7 | B92: P001-024-041A | C92: Silenziatore sinterizzato DQS Ripresoi | H92: 3 | I92: 67.66 | J92: PE ESPANSO | K92: =(( I92/1000 )*'P001-024-041A'!$F$1 + SUM('P001-024-041A'!$G$4:'P001-024-041A'!$G$30))*H92 -> 0 | L92: b | M92: =150*Tabella1[[#This Row],[Quantità]] -> 450
A93: 17.8 | B93: OR4287 | H93: 1 | I93: 1 | K93: =COMM_OR4287!$D$4*H93 -> 0 | L93: b | M93: =150*Tabella1[[#This Row],[Quantità]] -> 150
A94: 17.9 | B94: P001-024-042 | C94: TAPPO CHIUSURA CANALI SEGNALE | H94: 2 | I94: 0.57 | J94: POM-C | K94: =(( I94/1000 )*'P001-024-042'!$F$1 + SUM('P001-024-042'!$G$4:'P001-024-042'!$G$30))*H94 -> 0 | L94: m | M94: =150*Tabella1[[#This Row],[Quantità]] -> 300
A95: 17.10 | B95: P001-024-044 | C95: RISCONTRO PER VALVOLA DI SCARICO RAPIDO DQT 160 | H95: 1 | I95: 2.39 | J95: PET | K95: =(( I95/1000 )*'P001-024-044'!$F$1 + SUM('P001-024-044'!$G$4:'P001-024-044'!$G$30))*H95 -> 0 | L95: m | M95: =150*Tabella1[[#This Row],[Quantità]] -> 150
A96: 17.11 | B96: P001-024-043 | C96: GUARNIZIONE SPECIALE PER VSR POMPA QT 160 | H96: 1 | I96: 2.2 | J96: PUR | K96: =(( I96/1000 )*'P001-024-043'!$F$1 + SUM('P001-024-043'!$G$4:'P001-024-043'!$G$30))*H96 -> 0 | L96: b | M96: =150*Tabella1[[#This Row],[Quantità]] -> 150
A97: 17.12 | B97: P001-024-045 | C97: COLLEGAMENTO DI CARICO POMPA DQT 160 | H97: 1 | I97: 42.41 | J97: PET | K97: =(( I97/1000 )*'P001-024-045'!$F$1 + SUM('P001-024-045'!$G$4:'P001-024-045'!$G$30))*H97 -> 0 | L97: m | M97: =150*Tabella1[[#This Row],[Quantità]] -> 150
A98: 17.13 | B98: OR3118 | H98: 1 | I98: 1 | K98: =COMM_OR3118!$D$4*H98 -> 0 | M98: =150*Tabella1[[#This Row],[Quantità]] -> 150
A99: 17.14 | B99: P001-024-054 | C99: TAPPO CONICO G 3/8 | H99: 1 | I99: 2.63 | J99: POM-C nero | K99: =(( I99/1000 )*'P001-024-054'!$F$1 + SUM('P001-024-054'!$G$4:'P001-024-054'!$G$30))*H99 -> 0 | L99: m | M99: =150*Tabella1[[#This Row],[Quantità]] -> 150
A100: 18 | B100: A001-025-003KOREA | C100: ASSIEME TIRANTE ANCORAGGIO DQS 100/125 | H100: 2 | I100: 114.11 | L100: b | M100: =150*Tabella1[[#This Row],[Quantità]] -> 300
...

Sheet P001-025-001B
A1: P001-025-001B | B1: P001-025-001B | C1: CORPO FLUIDO | D1: TEST | E1: Costo materiale [€/kg] | F1: 1000 | H1: ⇦ Torna alla DB
A2: Ultima modifica: 26/09/2025
A3: Fase | B3: Descrizione fase | C3: Tipo | D3: Fornitore | E3: Codice fornitore | F3: Centro | G3: Costo lavorazione [€/pz] | H3: Lead time medio [gg] | I3: Note
A4: 10 | B4: Taglio | C4: Esterna | D4: ce | E4: 51 | F4: 100 (HERMLE C42U) | G4: 5
A5: 20 | B5: Tornitura | C5: Esterna | D5: csdvc | E5: 51 | F5: 100 (HERMLE C42U) | G5: 10
A6: 30 | B6: Fresatura | C6: Interna | D6: csdvc | E6: 24 | F6: 101 (Sigma Compact 5) | G6: 15

Sheet P001-025-002
A1: Num. parte | B1: P001-025-002 | C1: GABBIA SUP.DQS 100/125 | E1: Costo materiale [€/kg] | H1: ⇦ Torna alla DB
A2: Ultima modifica: 26/09/2025
A3: Fase | B3: Descrizione fase | C3: Tipo | D3: Fornitore | E3: Codice fornitore | F3: Centro | G3: Costo lavorazione [€/pz] | H3: Lead time medio [gg] | I3: Note
K9: documetazione
K10: qualita

Sheet P001-024-019B
A1: Num. parte | B1: P001-024-019B | C1: GABBIA INF. DQS 100/125 | E1: Costo materiale [€/kg] | H1: ⇦ Torna alla DB
A2: Ultima modifica: 26/09/2025
A3: Fase | B3: Descrizione fase | C3: Tipo | D3: Fornitore | E3: Codice fornitore | F3: Centro | G3: Costo lavorazione [€/pz] | H3: Lead time medio [gg] | I3: Note
A4: 10 | B4: tornitura | C4: Esterna | D4: argal | E4: 315456153 | F4: Esterna | G4: 100 | H4: 5
A5: 20 | B5: fresatura | C5: Interna
K8: certificato di qualità
K9: 3,1 materiale
K10: step
K11: tavola

Sheet P001-025-003
A1: Num. parte | B1: P001-025-003 | C1: TAPPO SUP.CORPO FLUIDO | E1: Costo materiale [€/kg] | H1: ⇦ Torna alla DB
A2: Ultima modifica: 26/09/2025
A3: Fase | B3: Descrizione fase | C3: Tipo | D3: Fornitore | E3: Codice fornitore | F3: Centro | G3: Costo lavorazione [€/pz] | H3: Lead time medio [gg] | I3: Note
B6: Fresatura 1 parte | C6: Esterna | F6: 101 (Sigma Compact 5)
B7: Fresatura 2 parte | C7: Interna

Sheet P001-024-008B
A1: Num. parte | B1: P001-024-008B | C1: SEDE SFERA DQS 100/125 | E1: Costo materiale [€/kg] | H1: ⇦ Torna alla DB
A2: Ultima modifica: 26/09/2025
A3: Fase | B3: Descrizione fase | C3: Tipo | D3: Fornitore | E3: Codice fornitore | F3: Centro | G3: Costo lavorazione [€/pz] | H3: Lead time medio [gg] | I3: Note

Sheet P001-024-031
A1: Num. parte | B1: P001-024-031 | E1: Costo materiale [€/kg] | H1: ⇦ Torna alla DB
A2: Ultima modifica: 26/09/2025
A3: Fase | B3: Descrizione fase | C3: Tipo | D3: Fornitore | E3: Codice fornitore | F3: Centro | G3: Costo lavorazione [€/pz] | H3: Lead time medio [gg] | I3: Note

Sheet P001-024-052
A1: Num. parte | B1: P001-024-052 | E1: Costo materiale [€/kg] | H1: ⇦ Torna alla DB
A2: Ultima modifica: 26/09/2025
A3: Fase | B3: Descrizione fase | C3: Tipo | D3: Fornitore | E3: Codice fornitore | F3: Centro | G3: Costo lavorazione [€/pz] | H3: Lead time medio [gg] | I3: Note

Sheet P001-024-028
A1: Num. parte | B1: P001-024-028 | E1: Costo materiale [€/kg] | H1: ⇦ Torna alla DB
A2: Ultima modifica: 26/09/2025
A3: Fase | B3: Descrizione fase | C3: Tipo | D3: Fornitore | E3: Codice fornitore | F3: Centro | G3: Costo lavorazione [€/pz] | H3: Lead time medio [gg] | I3: Note

Sheet P001-024-012A
A1: Num. parte | B1: P001-024-012A | E1: Costo materiale [€/kg] | H1: ⇦ Torna alla DB
A2: Ultima modifica: 26/09/2025
A3: Fase | B3: Descrizione fase | C3: Tipo | D3: Fornitore | E3: Codice fornitore | F3: Centro | G3: Costo lavorazione [€/pz] | H3: Lead time medio [gg] | I3: Note

Sheet P001-024-010A
A1: Num. parte | B1: P001-024-010A | E1: Costo materiale [€/kg] | H1: ⇦ Torna alla DB
A2: Ultima modifica: 26/09/2025
A3: Fase | B3: Descrizione fase | C3: Tipo | D3: Fornitore | E3: Codice fornitore | F3: Centro | G3: Costo lavorazione [€/pz] | H3: Lead time medio [gg] | I3: Note

Sheet P001-024-011
A1: Num. parte | B1: P001-024-011 | E1: Costo materiale [€/kg] | H1: ⇦ Torna alla DB
A2: Ultima modifica: 26/09/2025
A3: Fase | B3: Descrizione fase | C3: Tipo | D3: Fornitore | E3: Codice fornitore | F3: Centro | G3: Costo lavorazione [€/pz] | H3: Lead time medio [gg] | I3: Note

Sheet P001-024-016
A1: Num. parte | B1: P001-024-016 | C1: ANELLO DI ARRESTO DISTRIBUTORE DQS 100/125 | E1: Costo materiale [€/kg] | H1: ⇦ Torna alla DB
A2: Ultima modifica: 26/09/2025
A3: Fase | B3: Descrizione fase | C3: Tipo | D3: Fornitore | E3: Codice fornitore | F3: Centro | G3: Costo lavorazione [€/pz] | H3: Lead time medio [gg] | I3: Note

Sheet P001-024-021B
A1: Num. parte | B1: P001-024-021B | E1: Costo materiale [€/kg] | H1: ⇦ Torna alla DB
A2: Ultima modifica: 26/09/2025
A3: Fase | B3: Descrizione fase | C3: Tipo | D3: Fornitore | E3: Codice fornitore | F3: Centro | G3: Costo lavorazione [€/pz] | H3: Lead time medio [gg] | I3: Note

Sheet P001-024-022D
A1: Num. parte | B1: P001-024-022D | E1: Costo materiale [€/kg] | H1: ⇦ Torna alla DB
A2: Ultima modifica: 26/09/2025
A3: Fase | B3: Descrizione fase | C3: Tipo | D3: Fornitore | E3: Codice fornitore | F3: Centro | G3: Costo lavorazione [€/pz] | H3: Lead time medio [gg] | I3: Note

Sheet P001-024-023D
A1: Num. parte | B1: P001-024-023D | E1: Costo materiale [€/kg] | H1: ⇦ Torna alla DB
A2: Ultima modifica: 26/09/2025
A3: Fase | B3: Descrizione fase | C3: Tipo | D3: Fornitore | E3: Codice fornitore | F3: Centro | G3: Costo lavorazione [€/pz] | H3: Lead time medio [gg] | I3: Note

Sheet P001-024-024D
A1: Num. parte | B1: P001-024-024D | E1: Costo materiale [€/kg] | H1: ⇦ Torna alla DB
A2: Ultima modifica: 26/09/2025
A3: Fase | B3: Descrizione fase | C3: Tipo | D3: Fornitore | E3: Codice fornitore | F3: Centro | G3: Costo lavorazione [€/pz] | H3: Lead time medio [gg] | I3: Note

Sheet C0975-074-0875S _x000a_D20
A1: Num. parte | B1: C0975-074-0875S D20 | E1: Costo materiale [€/kg] | H1: ⇦ Torna alla DB
A2: Compila i campi per la parte commerciale
A3: Descrizione | B3: Fornitore | C3: Codice fornitore | D3: Prezzo [€/pz] | E3: Lotto minimo riordino [pz] | F3: Lead time medio [gg] | G3: Note

Sheet CORPO VNR
A1: Num. parte | B1: CORPO VNR | E1: Costo materiale [€/kg] | H1: ⇦ Torna alla DB
A2: Ultima modifica: 26/09/2025
A3: Fase | B3: Descrizione fase | C3: Tipo | D3: Fornitore | E3: Codice fornitore | F3: Centro | G3: Costo lavorazione [€/pz] | H3: Lead time medio [gg] | I3: Note

Sheet ISO 2338 - 1 m6 x _x000a_4 - St
A1: Num. parte | B1: ISO 2338 - 1 m6 x 4 - St | E1: Costo materiale [€/kg] | H1: ⇦ Torna alla DB
A2: Ultima modifica: 26/09/2025
A3: Fase | B3: Descrizione fase | C3: Tipo | D3: Fornitore | E3: Codice fornitore | F3: Centro | G3: Costo lavorazione [€/pz] | H3: Lead time medio [gg] | I3: Note

Sheet P001-024-032
A1: Num. parte | B1: P001-024-032 | E1: Costo materiale [€/kg] | H1: ⇦ Torna alla DB
A2: Ultima modifica: 26/09/2025
A3: Fase | B3: Descrizione fase | C3: Tipo | D3: Fornitore | E3: Codice fornitore | F3: Centro | G3: Costo lavorazione [€/pz] | H3: Lead time medio [gg] | I3: Note

Sheet P001-024-037
A1: Num. parte | B1: P001-024-037 | E1: Costo materiale [€/kg] | H1: ⇦ Torna alla DB
A2: Ultima modifica: 26/09/2025
A3: Fase | B3: Descrizione fase | C3: Tipo | D3: Fornitore | E3: Codice fornitore | F3: Centro | G3: Costo lavorazione [€/pz] | H3: Lead time medio [gg] | I3: Note

Sheet P001-024-035
A1: Num. parte | B1: P001-024-035 | E1: Costo materiale [€/kg] | H1: ⇦ Torna alla DB
A2: Ultima modifica: 26/09/2025
A3: Fase | B3: Descrizione fase | C3: Tipo | D3: Fornitore | E3: Codice fornitore | F3: Centro | G3: Costo lavorazione [€/pz] | H3: Lead time medio [gg] | I3: Note

Sheet P001-024-036
A1: Num. parte | B1: P001-024-036 | E1: Costo materiale [€/kg] | H1: ⇦ Torna alla DB
A2: Ultima modifica: 26/09/2025
A3: Fase | B3: Descrizione fase | C3: Tipo | D3: Fornitore | E3: Codice fornitore | F3: Centro | G3: Costo lavorazione [€/pz] | H3: Lead time medio [gg] | I3: Note

Sheet P001-024-025B
A1: Num. parte | B1: P001-024-025B | E1: Costo materiale [€/kg] | H1: ⇦ Torna alla DB
A2: Ultima modifica: 26/09/2025
A3: Fase | B3: Descrizione fase | C3: Tipo | D3: Fornitore | E3: Codice fornitore | F3: Centro | G3: Costo lavorazione [€/pz] | H3: Lead time medio [gg] | I3: Note

Sheet P001-024-026
A1: Num. parte | B1: P001-024-026 | E1: Costo materiale [€/kg] | H1: ⇦ Torna alla DB
A2: Ultima modifica: 26/09/2025
A3: Fase | B3: Descrizione fase | C3: Tipo | D3: Fornitore | E3: Codice fornitore | F3: Centro | G3: Costo lavorazione [€/pz] | H3: Lead time medio [gg] | I3: Note

Sheet P001-024-042
A1: Num. parte | B1: P001-024-042 | E1: Costo materiale [€/kg] | H1: ⇦ Torna alla DB
A2: Ultima modifica: 26/09/2025
A3: Fase | B3: Descrizione fase | C3: Tipo | D3: Fornitore | E3: Codice fornitore | F3: Centro | G3: Costo lavorazione [€/pz] | H3: Lead time medio [gg] | I3: Note

Sheet P001-024-041A
A1: Num. parte | B1: P001-024-041A | E1: Costo materiale [€/kg] | H1: ⇦ Torna alla DB
A2: Ultima modifica: 26/09/2025
A3: Fase | B3: Descrizione fase | C3: Tipo | D3: Fornitore | E3: Codice fornitore | F3: Centro | G3: Costo lavorazione [€/pz] | H3: Lead time medio [gg] | I3: Note

Sheet P001-024-043
A1: Num. parte | B1: P001-024-043 | E1: Costo materiale [€/kg] | H1: ⇦ Torna alla DB
A2: Ultima modifica: 26/09/2025
A3: Fase | B3: Descrizione fase | C3: Tipo | D3: Fornitore | E3: Codice fornitore | F3: Centro | G3: Costo lavorazione [€/pz] | H3: Lead time medio [gg] | I3: Note

Sheet P001-024-044
A1: Num. parte | B1: P001-024-044 | E1: Costo materiale [€/kg] | H1: ⇦ Torna alla DB
A2: Ultima modifica: 26/09/2025
A3: Fase | B3: Descrizione fase | C3: Tipo | D3: Fornitore | E3: Codice fornitore | F3: Centro | G3: Costo lavorazione [€/pz] | H3: Lead time medio [gg] | I3: Note

Sheet P001-024-045
A1: Num. parte | B1: P001-024-045 | E1: Costo materiale [€/kg] | H1: ⇦ Torna alla DB
A2: Ultima modifica: 26/09/2025
A3: Fase | B3: Descrizione fase | C3: Tipo | D3: Fornitore | E3: Codice fornitore | F3: Centro | G3: Costo lavorazione [€/pz] | H3: Lead time medio [gg] | I3: Note

Sheet P001-024-054
A1: Num. parte | B1: P001-024-054 | E1: Costo materiale [€/kg] | H1: ⇦ Torna alla DB
A2: Ultima modifica: 26/09/2025
A3: Fase | B3: Descrizione fase | C3: Tipo | D3: Fornitore | E3: Codice fornitore | F3: Centro | G3: Costo lavorazione [€/pz] | H3: Lead time medio [gg] | I3: Note

Sheet P001-024-002B
A1: Num. parte | B1: P001-024-002B | C1: BOCCOLA GUIDA ALBERO | E1: Costo materiale [€/kg] | H1: ⇦ Torna alla DB
A2: Ultima modifica: 26/09/2025
A3: Fase | B3: Descrizione fase | C3: Tipo | D3: Fornitore | E3: Codice fornitore | F3: Centro | G3: Costo lavorazione [€/pz] | H3: Lead time medio [gg] | I3: Note

Sheet P001-024-004
A1: Num. parte | B1: P001-024-004 | C1: ALBERO DQS 100/125 | E1: Costo materiale [€/kg] | H1: ⇦ Torna alla DB
A2: Ultima modifica: 26/09/2025
A3: Fase | B3: Descrizione fase | C3: Tipo | D3: Fornitore | E3: Codice fornitore | F3: Centro | G3: Costo lavorazione [€/pz] | H3: Lead time medio [gg] | I3: Note

Sheet P001-024-005
A1: Num. parte | B1: P001-024-005 | C1: CAPPELLOTTO DQS 100/125 | E1: Costo materiale [€/kg] | H1: ⇦ Torna alla DB
A2: Ultima modifica: 26/09/2025
A3: Fase | B3: Descrizione fase | C3: Tipo | D3: Fornitore | E3: Codice fornitore | F3: Centro | G3: Costo lavorazione [€/pz] | H3: Lead time medio [gg] | I3: Note

Sheet 375923KE00
A1: Num. parte | B1: 375923KE00 | C1: MEMBRANA DI BACKUP PER POMPA QT 160 | E1: Costo materiale [€/kg] | H1: ⇦ Torna alla DB
A2: Ultima modifica: 26/09/2025
A3: Fase | B3: Descrizione fase | C3: Tipo | D3: Fornitore | E3: Codice fornitore | F3: Centro | G3: Costo lavorazione [€/pz] | H3: Lead time medio [gg] | I3: Note

Sheet P001-024-038
A1: Num. parte | B1: P001-024-038 | C1: MEMBRANA LATO FLUIDO PER POMPA QT 160 | E1: Costo materiale [€/kg] | H1: ⇦ Torna alla DB
A2: Ultima modifica: 26/09/2025
A3: Fase | B3: Descrizione fase | C3: Tipo | D3: Fornitore | E3: Codice fornitore | F3: Centro | G3: Costo lavorazione [€/pz] | H3: Lead time medio [gg] | I3: Note

Sheet P001-024-015C
A1: Num. parte | B1: P001-024-015C | E1: Costo materiale [€/kg] | H1: ⇦ Torna alla DB
A2: Ultima modifica: 26/09/2025
A3: Fase | B3: Descrizione fase | C3: Tipo | D3: Fornitore | E3: Codice fornitore | F3: Centro | G3: Costo lavorazione [€/pz] | H3: Lead time medio [gg] | I3: Note

Sheet Foglio2

Sheet P001-025-008KOREA
A1: Num. parte | B1: P001-025-008KOREA | E1: Costo materiale [€/kg] | H1: ⇦ Torna alla DB
A2: Ultima modifica: 26/09/2025
A3: Fase | B3: Descrizione fase | C3: Tipo | D3: Fornitore | E3: Codice fornitore | F3: Centro | G3: Costo lavorazione [€/pz] | H3: Lead time medio [gg] | I3: Note

Sheet P001-024-046
A1: Num. parte | B1: P001-024-046 | E1: Costo materiale [€/kg] | H1: ⇦ Torna alla DB
A2: Ultima modifica: 26/09/2025
A3: Fase | B3: Descrizione fase | C3: Tipo | D3: Fornitore | E3: Codice fornitore | F3: Centro | G3: Costo lavorazione [€/pz] | H3: Lead time medio [gg] | I3: Note

Sheet P001-024-047
A1: Num. parte | B1: P001-024-047 | E1: Costo materiale [€/kg] | H1: ⇦ Torna alla DB
A2: Ultima modifica: 26/09/2025
A3: Fase | B3: Descrizione fase | C3: Tipo | D3: Fornitore | E3: Codice fornitore | F3: Centro | G3: Costo lavorazione [€/pz] | H3: Lead time medio [gg] | I3: Note

Sheet P001-025-009KOREA
A1: Num. parte | B1: P001-025-009KOREA | E1: Costo materiale [€/kg] | H1: ⇦ Torna alla DB
A2: Ultima modifica: 26/09/2025
A3: Fase | B3: Descrizione fase | C3: Tipo | D3: Fornitore | E3: Codice fornitore | F3: Centro | G3: Costo lavorazione [€/pz] | H3: Lead time medio [gg] | I3: Note

Sheet RST M8x3
A1: Num. parte | B1: RST M8x3 | E1: Costo materiale [€/kg] | H1: ⇦ Torna alla DB
A2: Ultima modifica: 26/09/2025
A3: Fase | B3: Descrizione fase | C3: Tipo | D3: Fornitore | E3: Codice fornitore | F3: Centro | G3: Costo lavorazione [€/pz] | H3: Lead time medio [gg] | I3: Note

Sheet P001-024-050
A1: Num. parte | B1: P001-024-050 | E1: Costo materiale [€/kg] | H1: ⇦ Torna alla DB
A2: Ultima modifica: 26/09/2025
A3: Fase | B3: Descrizione fase | C3: Tipo | D3: Fornitore | E3: Codice fornitore | F3: Centro | G3: Costo lavorazione [€/pz] | H3: Lead time medio [gg] | I3: Note

Sheet P001-024-051
A1: Num. parte | B1: P001-024-051 | E1: Costo materiale [€/kg] | H1: ⇦ Torna alla DB
A2: Ultima modifica: 26/09/2025
A3: Fase | B3: Descrizione fase | C3: Tipo | D3: Fornitore | E3: Codice fornitore | F3: Centro | G3: Costo lavorazione [€/pz] | H3: Lead time medio [gg] | I3: Note

Sheet 9TTP40J6PELD
A1: Num. parte | B1: 9TTP40J6PELD | C1: TAPPO 40,6 | E1: Costo materiale [€/kg] | H1: ⇦ Torna alla DB
A2: Ultima modifica: 26/09/2025
A3: Fase | B3: Descrizione fase | C3: Tipo | D3: Fornitore | E3: Codice fornitore | F3: Centro | G3: Costo lavorazione [€/pz] | H3: Lead time medio [gg] | I3: Note

Sheet 9TTP25J5PELD
A1: Num. parte | B1: 9TTP25J5PELD | C1: TAPPO 25,5 | E1: Costo materiale [€/kg] | H1: ⇦ Torna alla DB
A2: Ultima modifica: 26/09/2025
A3: Fase | B3: Descrizione fase | C3: Tipo | D3: Fornitore | E3: Codice fornitore | F3: Centro | G3: Costo lavorazione [€/pz] | H3: Lead time medio [gg] | I3: Note

Sheet P001-024-039
A1: Num. Parte | B1: P001-024-039 | E1: Costo materiale [€/kg] | H1: ⇦ Torna alla DB
A2: Ultima modifica: 26/09/2025
A3: Fase | B3: Descrizione fase | C3: Tipo | D3: Fornitore | E3: Codice fornitore | F3: Centro | G3: Costo lavorazione [€/pz] | H3: Lead time medio [gg] | I3: Note

Sheet P001-025-004
A1: Num. parte | B1: P001-025-004 | E1: Costo materiale [€/kg] | H1: ⇦ Torna alla DB
A2: Ultima modifica: 26/09/2025
A3: Fase | B3: Descrizione fase | C3: Tipo | D3: Fornitore | E3: Codice fornitore | F3: Centro | G3: Costo lavorazione [€/pz] | H3: Lead time medio [gg] | I3: Note

Sheet P001-025-007
A1: Num. parte | B1: P001-025-007 | C1: ISOLA SCRITTURA MATRICOLA DQS 100/125 | E1: Costo materiale [€/kg] | H1: ⇦ Torna alla DB
A2: Ultima modifica: 26/09/2025
A3: Fase | B3: Descrizione fase | C3: Tipo | D3: Fornitore | E3: Codice fornitore | F3: Centro | G3: Costo lavorazione [€/pz] | H3: Lead time medio [gg] | I3: Note

Sheet PM012216E
A1: Num. parte | B1: PM012216E | C1: RACCORDO JG 1/2" X 12 | E1: Costo materiale [€/kg] | H1: ⇦ Torna alla DB
A2: Ultima modifica: 26/09/2025
A3: Fase | B3: Descrizione fase | C3: Tipo | D3: Fornitore | E3: Codice fornitore | F3: Centro | G3: Costo lavorazione [€/pz] | H3: Lead time medio [gg] | I3: Note

Sheet COMM_SF030
A1: Num. Parte | B1: SF030 | G1: ⇦ Torna alla DB
A2: Compila i campi per la parte commerciale
A3: Descrizione | B3: Fornitore | C3: Codice fornitore | D3: Prezzo [€/pz] | E3: Lotto minimo riordino [pz] | F3: Lead time medio [gg] | G3: Note
A4: SFERA ø 30 -- PTFE generico

Sheet COMM_A001-024-006
A1: Num. parte | B1: A001-024-006 | G1: ⇦ Torna alla DB
A2: Compila i campi per la parte commerciale
A3: Descrizione | B3: Fornitore | C3: Codice fornitore | D3: Prezzo [€/pz] | E3: Lotto minimo riordino [pz] | F3: Lead time medio [gg] | G3: Note
A4: VNR SEGNALE DQS 100/125

Sheet COMM_spina_1_x_6
A1: Num. Parte | B1: spina 1 x 6 | G1: ⇦ Torna alla DB
A2: Compila i campi per la parte commerciale
A3: Descrizione | B3: Fornitore | C3: Codice fornitore | D3: Prezzo [€/pz] | E3: Lotto minimo riordino [pz] | F3: Lead time medio [gg] | G3: Note
A4: SPINA 1 X 4 | D4: 150

Sheet COMM_SF1-8
A1: Num. parte | B1: SF1-8 | G1: ⇦ Torna alla DB
A2: Compila i campi per la parte commerciale
A3: Descrizione | B3: Fornitore | C3: Codice fornitore | D3: Prezzo [€/pz] | E3: Lotto minimo riordino [pz] | F3: Lead time medio [gg] | G3: Note
A4: SFERA 1/8" AISI304 -- AISI304

Sheet COMM_OR2021
A1: Num. parte | B1: OR2021 | G1: ⇦ Torna alla DB
A2: Compila i campi per la parte commerciale
A3: Descrizione | B3: Fornitore | C3: Codice fornitore | D3: Prezzo [€/pz] | E3: Lotto minimo riordino [pz] | F3: Lead time medio [gg] | G3: Note

Sheet COMM_A001-024-011
A1: Num. parte | B1: A001-024-011 | G1: ⇦ Torna alla DB
A2: Compila i campi per la parte commerciale
A3: Descrizione | B3: Fornitore | C3: Codice fornitore | D3: Prezzo [€/pz] | E3: Lotto minimo riordino [pz] | F3: Lead time medio [gg] | G3: Note
A4: ELEMENTO DI PASSAGIO ALIM. MEMBRANE

Sheet COMM_OR2043
A1: Num. parte | B1: OR2043 | G1: ⇦ Torna alla DB
A2: Compila i campi per la parte commerciale
A3: Descrizione | B3: Fornitore | C3: Codice fornitore | D3: Prezzo [€/pz] | E3: Lotto minimo riordino [pz] | F3: Lead time medio [gg] | G3: Note

Sheet COMM_A001-024-002
A1: Num. parte | B1: A001-024-002 | G1: ⇦ Torna alla DB
A2: Compila i campi per la parte commerciale
A3: Descrizione | B3: Fornitore | C3: Codice fornitore | D3: Prezzo [€/pz] | E3: Lotto minimo riordino [pz] | F3: Lead time medio [gg] | G3: Note
A4: DISTRIBUTORE DQS 100/125

Sheet COMM_or_3100
A1: Num. parte | B1: or 3100 | G1: ⇦ Torna alla DB
A2: Compila i campi per la parte commerciale
A3: Descrizione | B3: Fornitore | C3: Codice fornitore | D3: Prezzo [€/pz] | E3: Lotto minimo riordino [pz] | F3: Lead time medio [gg] | G3: Note
D4: 100

Sheet COMM_941625X19X3J5PO00
A1: Num. parte | B1: 941625X19X3J5PO00 | G1: ⇦ Torna alla DB
A2: Compila i campi per la parte commerciale
A3: Descrizione | B3: Fornitore | C3: Codice fornitore | D3: Prezzo [€/pz] | E3: Lotto minimo riordino [pz] | F3: Lead time medio [gg] | G3: Note
A4: TENUTA A LABBRO DISTRIBUTORE DQS 100-125 -- PU

Sheet COMM_or_2106
A1: Num. parte | B1: or 2106 | G1: ⇦ Torna alla DB
A2: Compila i campi per la parte commerciale
A3: Descrizione | B3: Fornitore | C3: Codice fornitore | D3: Prezzo [€/pz] | E3: Lotto minimo riordino [pz] | F3: Lead time medio [gg] | G3: Note

Sheet COMM_A001-024-007A
A1: Num. parte | B1: A001-024-007A | G1: ⇦ Torna alla DB
A2: Compila i campi per la parte commerciale
A3: Descrizione | B3: Fornitore | C3: Codice fornitore | D3: Prezzo [€/pz] | E3: Lotto minimo riordino [pz] | F3: Lead time medio [gg] | G3: Note
A4: TESTATA LATO SINISTRO

Sheet COMM_A001-024-005E
A1: Num. parte | B1: A001-024-005E | G1: ⇦ Torna alla DB
A2: Compila i campi per la parte commerciale
A3: Descrizione | B3: Fornitore | C3: Codice fornitore | D3: Prezzo [€/pz] | E3: Lotto minimo riordino [pz] | F3: Lead time medio [gg] | G3: Note
A4: CARTUCCIONE DQS100/125

Sheet COMM_VNR5
A1: Num. parte | B1: VNR5 | G1: ⇦ Torna alla DB
A2: Compila i campi per la parte commerciale
A3: Descrizione | B3: Fornitore | C3: Codice fornitore | D3: Prezzo [€/pz] | E3: Lotto minimo riordino [pz] | F3: Lead time medio [gg] | G3: Note
A4: VNR5

Sheet COMM_SF001J5
A1: Num. parte | B1: SF001J5 | G1: ⇦ Torna alla DB
A2: Compila i campi per la parte commerciale
A3: Descrizione | B3: Fornitore | C3: Codice fornitore | D3: Prezzo [€/pz] | E3: Lotto minimo riordino [pz] | F3: Lead time medio [gg] | G3: Note
A4: SFERA DIAM 1,5 -- AISI 316L

Sheet COMM_OR2081
A1: Num. parte | B1: OR2081 | G1: ⇦ Torna alla DB
A2: Compila i campi per la parte commerciale
A3: Descrizione | B3: Fornitore | C3: Codice fornitore | D3: Prezzo [€/pz] | E3: Lotto minimo riordino [pz] | F3: Lead time medio [gg] | G3: Note

Sheet COMM_OR2087
A1: Num. parte | B1: OR2087 | G1: ⇦ Torna alla DB
A2: Compila i campi per la parte commerciale
A3: Descrizione | B3: Fornitore | C3: Codice fornitore | D3: Prezzo [€/pz] | E3: Lotto minimo riordino [pz] | F3: Lead time medio [gg] | G3: Note

Sheet COMM_OR108
A1: Num. parte | B1: OR108 | G1: ⇦ Torna alla DB
A2: Compila i campi per la parte commerciale
A3: Descrizione | B3: Fornitore | C3: Codice fornitore | D3: Prezzo [€/pz] | E3: Lotto minimo riordino [pz] | F3: Lead time medio [gg] | G3: Note

Sheet COMM_OR2187
A1: Num. parte | B1: OR2187 | G1: ⇦ Torna alla DB
A2: Compila i campi per la parte commerciale
A3: Descrizione | B3: Fornitore | C3: Codice fornitore | D3: Prezzo [€/pz] | E3: Lotto minimo riordino [pz] | F3: Lead time medio [gg] | G3: Note

Sheet COMM_OR2031
A1: Num. parte | B1: OR2031 | G1: ⇦ Torna alla DB
A2: Compila i campi per la parte commerciale
A3: Descrizione | B3: Fornitore | C3: Codice fornitore | D3: Prezzo [€/pz] | E3: Lotto minimo riordino [pz] | F3: Lead time medio [gg] | G3: Note

Sheet COMM_SF3-32
A1: Num. parte | B1: SF3-32 | G1: ⇦ Torna alla DB
A2: Compila i campi per la parte commerciale
A3: Descrizione | B3: Fornitore | C3: Codice fornitore | D3: Prezzo [€/pz] | E3: Lotto minimo riordino [pz] | F3: Lead time medio [gg] | G3: Note
A4: SFERA TAPPO CARTUCCINO -- AISI 304

Sheet COMM_OR3118
A1: Num. parte | B1: OR3118 | G1: ⇦ Torna alla DB
A2: Compila i campi per la parte commerciale
A3: Descrizione | B3: Fornitore | C3: Codice fornitore | D3: Prezzo [€/pz] | E3: Lotto minimo riordino [pz] | F3: Lead time medio [gg] | G3: Note

Sheet COMM_OR4287
A1: Num. parte | B1: OR4287 | G1: ⇦ Torna alla DB
A2: Compila i campi per la parte commerciale
A3: Descrizione | B3: Fornitore | C3: Codice fornitore | D3: Prezzo [€/pz] | E3: Lotto minimo riordino [pz] | F3: Lead time medio [gg] | G3: Note

Sheet COMM_OR3200
A1: Num. parte | B1: OR3200 | G1: ⇦ Torna alla DB
A2: Compila i campi per la parte commerciale
A3: Descrizione | B3: Fornitore | C3: Codice fornitore | D3: Prezzo [€/pz] | E3: Lotto minimo riordino [pz] | F3: Lead time medio [gg] | G3: Note

Sheet COMM_OR2200
A1: Num. parte | B1: OR2200 | G1: ⇦ Torna alla DB
A2: Compila i campi per la parte commerciale
A3: Descrizione | B3: Fornitore | C3: Codice fornitore | D3: Prezzo [€/pz] | E3: Lotto minimo riordino [pz] | F3: Lead time medio [gg] | G3: Note

Sheet COMM_A001-024-003C
A1: Num. parte | B1: A001-024-003C | G1: ⇦ Torna alla DB
A2: Compila i campi per la parte commerciale
A3: Descrizione | B3: Fornitore | C3: Codice fornitore | D3: Prezzo [€/pz] | E3: Lotto minimo riordino [pz] | F3: Lead time medio [gg] | G3: Note
A4: TESTATA LATO DESTRO

Sheet COMM_A001-025-003KOREA
A1: Num. parte | B1: A001-025-003KOREA | G1: ⇦ Torna alla DB
A2: Compila i campi per la parte commerciale
A3: Descrizione | B3: Fornitore | C3: Codice fornitore | D3: Prezzo [€/pz] | E3: Lotto minimo riordino [pz] | F3: Lead time medio [gg] | G3: Note
A4: ASSIEME TIRANTE ANCORAGGIO DQS 100/125

Sheet COMM_A001-024-009
A1: Num. parte | B1: A001-024-009 | G1: ⇦ Torna alla DB
A2: Compila i campi per la parte commerciale
A3: Descrizione | B3: Fornitore | C3: Codice fornitore | D3: Prezzo [€/pz] | E3: Lotto minimo riordino [pz] | F3: Lead time medio [gg] | G3: Note
A4: TAPPO TIRANTE FLANGIATO -- ETFE / PP- GF30 / PVDF- CFF15

Sheet COMM_A001-024-010
A1: Num. parte | B1: A001-024-010 | G1: ⇦ Torna alla DB
A2: Compila i campi per la parte commerciale
A3: Descrizione | B3: Fornitore | C3: Codice fornitore | D3: Prezzo [€/pz] | E3: Lotto minimo riordino [pz] | F3: Lead time medio [gg] | G3: Note
A4: ASSIEME TIRANTE CORPO POMPA DQS 100/125

Sheet COMM_Dado_cieco_M8_DIN__1587
A1: Num. parte | B1: Dado_cieco_M8_DIN__1587 | G1: ⇦ Torna alla DB
A2: Compila i campi per la parte commerciale
A3: Descrizione | B3: Fornitore | C3: Codice fornitore | D3: Prezzo [€/pz] | E3: Lotto minimo riordino [pz] | F3: Lead time medio [gg] | G3: Note
A4: Dado cieco M8 DIN 1587 -- AISI 316L

Sheet COMM_DADO_FLANGIATO__M8
A1: Num. parte | B1: DADO_FLANGIATO__M8 | G1: ⇦ Torna alla DB
A2: Compila i campi per la parte commerciale
A3: Descrizione | B3: Fornitore | C3: Codice fornitore | D3: Prezzo [€/pz] | E3: Lotto minimo riordino [pz] | F3: Lead time medio [gg] | G3: Note
A4: DADO FLANGIATO M8 -- AISI 316L

Sheet COMM_A001-025-002KOREA
A1: Num. parte | B1: A001-025-002KOREA | G1: ⇦ Torna alla DB
A2: Compila i campi per la parte commerciale
A3: Descrizione | B3: Fornitore | C3: Codice fornitore | D3: Prezzo [€/pz] | E3: Lotto minimo riordino [pz] | F3: Lead time medio [gg] | G3: Note
A4: ASSIEME BASE ANCORAGGIO DQS 100/125

Sheet COMM_OR4061
A1: Num. parte | B1: OR4061 | G1: ⇦ Torna alla DB
A2: Compila i campi per la parte commerciale
A3: Descrizione | B3: Fornitore | C3: Codice fornitore | D3: Prezzo [€/pz] | E3: Lotto minimo riordino [pz] | F3: Lead time medio [gg] | G3: Note
A4: OR4061 3,53 X 15,47
